Season,Team,Name,Rk,G,Date,Age,Tm,Home,Opp,W/L,GS,MP,FG,FGA,FG%,3P,3PA,3P%,FT,FTA,FT%,ORB,DRB,TRB,AST,STL,BLK,TOV,PF,PTS,GmSc,+/-
2025,TOR,Gradey Dick,1,1.0,2024-10-23,20-338,TOR,1,CLE,L (-30),1,29:16,5,13,0.385,2,6,0.333,4,4,1.0,1,1,2,1,0,2,0,0,16,12.0,-9
2025,TOR,Gradey Dick,2,2.0,2024-10-25,20-340,TOR,1,PHI,W (+8),1,23:58,3,9,0.333,1,4,0.25,1,1,1.0,0,1,1,0,1,0,2,6,8,-0.2,4
2025,TOR,Gradey Dick,3,3.0,2024-10-26,20-341,TOR,0,MIN,L (-11),1,29:31,9,16,0.563,4,9,0.444,3,3,1.0,0,1,1,2,1,0,1,2,25,18.3,-13
2025,TOR,Gradey Dick,4,4.0,2024-10-28,20-343,TOR,1,DEN,L (-2),1,36:39,5,13,0.385,2,7,0.286,3,3,1.0,1,0,1,4,0,1,0,2,15,11.3,-4
2025,TOR,Gradey Dick,5,5.0,2024-10-30,20-345,TOR,0,CHO,L (-5),1,35:38,11,17,0.647,2,6,0.333,6,8,0.75,1,1,2,1,3,0,3,6,30,21.0,12
2025,TOR,Gradey Dick,6,6.0,2024-11-01,20-347,TOR,1,LAL,L (-6),1,31:35,13,26,0.5,5,11,0.455,0,0,,2,5,7,3,1,0,1,2,31,22.2,-4
2025,TOR,Gradey Dick,7,7.0,2024-11-02,20-348,TOR,1,SAC,W (+3),1,37:32,6,17,0.353,3,8,0.375,7,7,1.0,0,5,5,2,2,0,3,0,22,14.4,-3
2025,TOR,Gradey Dick,8,8.0,2024-11-04,20-350,TOR,0,DEN,L (-2),1,35:41,10,20,0.5,4,9,0.444,2,2,1.0,0,2,2,5,3,2,4,0,26,20.5,1
2025,TOR,Gradey Dick,9,9.0,2024-11-06,20-352,TOR,0,SAC,L (-15),1,23:53,3,10,0.3,0,5,0.0,1,2,0.5,1,3,4,2,0,0,0,4,7,2.2,-22
2025,TOR,Gradey Dick,10,10.0,2024-11-09,20-355,TOR,0,LAC,L (-2),1,34:01,5,12,0.417,2,5,0.4,3,4,0.75,0,0,0,2,1,0,0,1,15,10.2,13
2025,TOR,Gradey Dick,11,11.0,2024-11-10,20-356,TOR,0,LAL,L (-20),1,32:48,5,10,0.5,2,3,0.667,2,2,1.0,0,1,1,3,0,0,1,2,14,9.6,-12
2025,TOR,Gradey Dick,12,12.0,2024-11-12,20-358,TOR,0,MIL,L (-14),1,38:01,7,20,0.35,4,10,0.4,14,16,0.875,1,4,5,3,1,0,3,1,32,21.6,-2
2025,TOR,Gradey Dick,13,13.0,2024-11-15,20-361,TOR,1,DET,L (-4),1,35:13,4,17,0.235,1,10,0.1,7,7,1.0,0,5,5,0,0,0,3,1,16,3.8,13
2025,TOR,Gradey Dick,14,14.0,2024-11-16,20-362,TOR,0,BOS,L (-3),1,37:08,3,12,0.25,1,5,0.2,2,2,1.0,1,1,2,5,0,0,1,1,9,4.9,-3
2025,TOR,Gradey Dick,15,15.0,2024-11-18,20-364,TOR,1,IND,W (+11),1,34:31,4,9,0.444,3,6,0.5,4,4,1.0,0,4,4,3,0,0,4,5,15,7.6,18
2025,TOR,Jakob Poeltl,1,1.0,2024-10-23,29-008,TOR,1,CLE,L (-30),1,26:09,2,6,0.333,0,0,,2,4,0.5,3,6,9,2,0,0,5,4,6,0.5,-13
2025,TOR,Jakob Poeltl,2,2.0,2024-10-25,29-010,TOR,1,PHI,W (+8),1,27:24,5,8,0.625,0,0,,9,11,0.818,1,8,9,3,0,4,2,4,19,19.0,7
2025,TOR,Jakob Poeltl,3,3.0,2024-10-26,29-011,TOR,0,MIN,L (-11),1,29:58,4,9,0.444,0,0,,0,0,,3,7,10,3,1,1,2,4,8,7.7,-12
2025,TOR,Jakob Poeltl,4,4.0,2024-10-28,29-013,TOR,1,DEN,L (-2),1,40:11,7,13,0.538,0,0,,2,2,1.0,8,11,19,2,0,1,3,2,16,16.9,-1
2025,TOR,Jakob Poeltl,5,5.0,2024-10-30,29-015,TOR,0,CHO,L (-5),1,35:07,10,14,0.714,0,0,,0,0,,5,11,16,2,2,0,1,4,20,21.8,18
2025,TOR,Jakob Poeltl,6,6.0,2024-11-01,29-017,TOR,1,LAL,L (-6),1,35:06,9,14,0.643,0,0,,1,1,1.0,6,6,12,6,0,3,2,3,19,21.9,-4
2025,TOR,Jakob Poeltl,7,7.0,2024-11-02,29-018,TOR,1,SAC,W (+3),1,33:49,5,8,0.625,0,0,,3,4,0.75,3,6,9,2,2,1,4,6,13,10.6,-16
2025,TOR,Jakob Poeltl,8,8.0,2024-11-04,29-020,TOR,0,DEN,L (-2),1,32:27,11,18,0.611,0,0,,2,4,0.5,6,5,11,3,3,0,2,6,24,21.4,-5
2025,TOR,Jakob Poeltl,9,9.0,2024-11-06,29-022,TOR,0,SAC,L (-15),1,34:37,5,8,0.625,0,0,,0,0,,1,7,8,4,2,0,3,2,10,10.2,-18
2025,TOR,Jakob Poeltl,10,10.0,2024-11-09,29-025,TOR,0,LAC,L (-2),1,30:08,1,6,0.167,0,0,,3,6,0.5,2,10,12,3,0,3,4,2,5,3.8,0
2025,TOR,Jakob Poeltl,11,11.0,2024-11-10,29-026,TOR,0,LAL,L (-20),1,31:08,7,12,0.583,0,0,,0,0,,4,6,10,4,1,0,1,4,14,14.2,-4
2025,TOR,Jakob Poeltl,12,12.0,2024-11-12,29-028,TOR,0,MIL,L (-14),1,28:13,6,13,0.462,0,0,,1,2,0.5,4,4,8,1,3,2,3,4,13,10.4,0
2025,TOR,Jakob Poeltl,13,13.0,2024-11-15,29-031,TOR,1,DET,L (-4),1,35:01,12,20,0.6,0,0,,1,4,0.25,10,8,18,3,1,3,1,4,25,26.6,6
2025,TOR,Jakob Poeltl,14,14.0,2024-11-16,29-032,TOR,0,BOS,L (-3),1,37:14,16,19,0.842,0,0,,3,4,0.75,6,6,12,0,1,0,2,2,35,31.9,-3
2025,TOR,Jakob Poeltl,15,15.0,2024-11-18,29-034,TOR,1,IND,W (+11),1,37:37,13,18,0.722,0,0,,4,6,0.667,4,11,15,2,2,2,6,3,30,25.5,18
2025,TOR,Ochai Agbaji,1,1.0,2024-10-23,24-186,TOR,1,CLE,L (-30),1,25:15,1,1,1.0,0,0,,1,2,0.5,4,2,6,1,1,1,0,2,3,7.3,-18
2025,TOR,Ochai Agbaji,2,2.0,2024-10-25,24-188,TOR,1,PHI,W (+8),1,26:13,5,9,0.556,0,1,0.0,2,2,1.0,3,5,8,1,2,0,1,3,12,11.8,1
2025,TOR,Ochai Agbaji,3,3.0,2024-10-26,24-189,TOR,0,MIN,L (-11),1,30:35,8,12,0.667,3,5,0.6,0,1,0.0,0,2,2,2,2,0,4,2,19,12.6,-15
2025,TOR,Ochai Agbaji,4,4.0,2024-10-28,24-191,TOR,1,DEN,L (-2),0,28:38,6,12,0.5,2,5,0.4,1,2,0.5,3,4,7,0,1,1,0,4,15,12.0,-5
2025,TOR,Ochai Agbaji,5,5.0,2024-10-30,24-193,TOR,0,CHO,L (-5),0,28:49,3,6,0.5,1,3,0.333,3,3,1.0,0,3,3,3,0,2,2,1,10,9.0,-10
2025,TOR,Ochai Agbaji,6,6.0,2024-11-01,24-195,TOR,1,LAL,L (-6),1,33:44,4,9,0.444,0,3,0.0,0,0,,0,2,2,3,1,0,0,4,8,5.4,-5
2025,TOR,Ochai Agbaji,7,7.0,2024-11-02,24-196,TOR,1,SAC,W (+3),1,35:36,9,12,0.75,4,5,0.8,0,0,,0,5,5,2,2,1,1,3,22,20.6,1
2025,TOR,Ochai Agbaji,8,8.0,2024-11-04,24-198,TOR,0,DEN,L (-2),1,32:54,6,11,0.545,2,4,0.5,2,3,0.667,1,4,5,4,2,0,0,3,16,15.8,1
2025,TOR,Ochai Agbaji,9,9.0,2024-11-06,24-200,TOR,0,SAC,L (-15),1,32:21,4,9,0.444,2,7,0.286,2,3,0.667,0,2,2,2,1,0,0,3,12,8.7,-22
2025,TOR,Ochai Agbaji,10,10.0,2024-11-09,24-203,TOR,0,LAC,L (-2),1,36:11,9,14,0.643,3,6,0.5,0,0,,2,5,7,3,2,0,0,3,21,20.6,2
2025,TOR,Ochai Agbaji,11,11.0,2024-11-10,24-204,TOR,0,LAL,L (-20),1,33:22,5,7,0.714,4,5,0.8,2,2,1.0,1,5,6,1,0,1,2,3,16,13.5,-11
2025,TOR,Ochai Agbaji,12,12.0,2024-11-12,24-206,TOR,0,MIL,L (-14),1,34:46,3,8,0.375,2,4,0.5,0,0,,1,6,7,1,2,1,3,3,8,5.3,-1
2025,TOR,Ochai Agbaji,13,13.0,2024-11-15,24-209,TOR,1,DET,L (-4),1,35:33,4,15,0.267,1,5,0.2,0,0,,1,2,3,1,2,0,1,3,9,1.9,-4
2025,TOR,Ochai Agbaji,14,14.0,2024-11-16,24-210,TOR,0,BOS,L (-3),1,39:19,5,13,0.385,3,8,0.375,0,0,,0,6,6,3,0,1,1,1,13,9.1,-4
2025,TOR,Ochai Agbaji,15,15.0,2024-11-18,24-212,TOR,1,IND,W (+11),1,32:51,4,7,0.571,2,3,0.667,1,2,0.5,1,3,4,6,1,3,2,5,11,12.2,12
2025,TOR,Chris Boucher,1,1.0,2024-10-23,31-286,TOR,1,CLE,L (-30),0,19:59,5,9,0.556,4,5,0.8,4,6,0.667,1,1,2,1,1,1,1,1,18,14.9,-17
2025,TOR,Chris Boucher,2,2.0,2024-10-25,31-288,TOR,1,PHI,W (+8),0,19:16,0,5,0.0,0,4,0.0,4,4,1.0,0,3,3,1,2,4,1,0,4,5.9,5
2025,TOR,Chris Boucher,3,3.0,2024-10-26,31-289,TOR,0,MIN,L (-11),0,15:59,2,8,0.25,0,4,0.0,0,2,0.0,1,8,9,0,0,0,0,2,4,0.7,6
2025,TOR,Chris Boucher,4,4.0,2024-10-28,31-291,TOR,1,DEN,L (-2),0,13:31,2,6,0.333,0,2,0.0,0,0,,1,2,3,0,0,1,0,2,4,1.8,3
2025,TOR,Chris Boucher,5,5.0,2024-10-30,31-293,TOR,0,CHO,L (-5),0,16:46,6,10,0.6,1,4,0.25,0,0,,1,3,4,1,0,1,1,1,13,10.0,4
2025,TOR,Chris Boucher,6,6.0,2024-11-01,31-295,TOR,1,LAL,L (-6),0,13:56,3,6,0.5,0,3,0.0,3,4,0.75,0,2,2,1,0,0,0,3,9,5.7,-13
2025,TOR,Chris Boucher,7,7.0,2024-11-02,31-296,TOR,1,SAC,W (+3),0,24:57,9,13,0.692,4,6,0.667,2,3,0.667,0,5,5,1,0,0,0,1,24,19.9,13
2025,TOR,Chris Boucher,8,8.0,2024-11-04,31-298,TOR,0,DEN,L (-2),0,13:45,1,3,0.333,0,1,0.0,0,0,,1,3,4,1,1,1,2,1,2,1.9,-2
2025,TOR,Chris Boucher,9,9.0,2024-11-06,31-300,TOR,0,SAC,L (-15),0,24:32,7,11,0.636,3,6,0.5,0,0,,1,3,4,0,0,0,0,1,17,13.3,-1
2025,TOR,Chris Boucher,10,10.0,2024-11-09,31-303,TOR,0,LAC,L (-2),0,24:00,6,12,0.5,0,4,0.0,2,3,0.667,3,3,6,0,1,0,0,2,14,10.8,0
2025,TOR,Chris Boucher,11,11.0,2024-11-10,31-304,TOR,0,LAL,L (-20),0,19:59,6,9,0.667,2,4,0.5,4,5,0.8,2,3,5,3,1,0,1,0,18,18.1,-7
2025,TOR,Chris Boucher,12,12.0,2024-11-12,31-306,TOR,0,MIL,L (-14),0,20:27,5,12,0.417,2,5,0.4,0,0,,2,3,5,0,0,0,1,0,12,6.9,-11
2025,TOR,Chris Boucher,13,13.0,2024-11-15,31-309,TOR,1,DET,L (-4),0,13:58,1,5,0.2,0,2,0.0,0,0,,1,6,7,1,0,2,2,0,2,1.5,-10
2025,TOR,Chris Boucher,14,14.0,2024-11-16,31-310,TOR,0,BOS,L (-3),0,19:40,5,6,0.833,2,3,0.667,3,3,1.0,4,1,5,0,0,0,1,1,15,14.5,0
2025,TOR,Chris Boucher,15,15.0,2024-11-18,31-312,TOR,1,IND,W (+11),0,18:24,2,4,0.5,0,2,0.0,0,0,,1,6,7,0,0,3,0,0,4,6.6,-10
2025,TOR,Davion Mitchell,1,1.0,2024-10-23,26-048,TOR,1,CLE,L (-30),0,24:33,4,10,0.4,0,3,0.0,0,0,,0,0,0,3,2,0,5,0,8,1.7,-20
2025,TOR,Davion Mitchell,2,2.0,2024-10-25,26-050,TOR,1,PHI,W (+8),1,19:18,3,5,0.6,2,4,0.5,0,0,,0,3,3,3,0,0,3,6,8,3.3,5
2025,TOR,Davion Mitchell,3,3.0,2024-10-26,26-051,TOR,0,MIN,L (-11),1,28:48,0,5,0.0,0,1,0.0,0,0,,0,2,2,8,1,1,0,2,0,3.6,-12
2025,TOR,Davion Mitchell,4,4.0,2024-10-28,26-053,TOR,1,DEN,L (-2),1,35:17,5,10,0.5,3,6,0.5,3,4,0.75,1,1,2,6,0,1,4,3,16,11.3,0
2025,TOR,Davion Mitchell,5,5.0,2024-10-30,26-055,TOR,0,CHO,L (-5),1,28:26,5,11,0.455,0,5,0.0,1,2,0.5,1,1,2,11,0,0,2,4,11,10.0,-5
2025,TOR,Davion Mitchell,6,6.0,2024-11-01,26-057,TOR,1,LAL,L (-6),1,30:56,4,9,0.444,2,6,0.333,0,0,,0,3,3,5,0,2,3,4,10,6.5,-2
2025,TOR,Davion Mitchell,7,7.0,2024-11-02,26-058,TOR,1,SAC,W (+3),1,37:05,2,6,0.333,0,2,0.0,0,0,,0,4,4,7,5,0,5,4,4,5.1,0
2025,TOR,Davion Mitchell,8,8.0,2024-11-04,26-060,TOR,0,DEN,L (-2),1,30:26,5,11,0.455,2,7,0.286,1,1,1.0,0,1,1,8,1,0,0,2,13,13.4,-1
2025,TOR,Davion Mitchell,9,9.0,2024-11-06,26-062,TOR,0,SAC,L (-15),1,32:22,8,11,0.727,2,3,0.667,2,2,1.0,1,2,3,6,1,0,1,2,20,20.2,-14
2025,TOR,Davion Mitchell,10,10.0,2024-11-09,26-065,TOR,0,LAC,L (-2),0,21:56,2,9,0.222,1,5,0.2,2,4,0.5,2,2,4,4,0,0,0,2,7,4.7,2
2025,TOR,Davion Mitchell,11,11.0,2024-11-10,26-066,TOR,0,LAL,L (-20),0,18:32,1,5,0.2,0,3,0.0,0,0,,2,2,4,5,0,0,1,4,2,1.8,-7
2025,TOR,Davion Mitchell,12,12.0,2024-11-12,26-068,TOR,0,MIL,L (-14),1,33:10,0,2,0.0,0,0,,1,2,0.5,0,4,4,8,1,0,3,1,1,3.6,1
2025,TOR,Davion Mitchell,13,13.0,2024-11-15,26-071,TOR,1,DET,L (-4),1,32:49,2,9,0.222,1,2,0.5,0,0,,1,5,6,5,3,0,2,1,5,5.8,9
2025,TOR,Davion Mitchell,14,14.0,2024-11-16,26-072,TOR,0,BOS,L (-3),1,32:15,4,5,0.8,1,2,0.5,1,1,1.0,1,2,3,5,1,0,0,4,10,12.3,0
2025,TOR,Davion Mitchell,15,15.0,2024-11-18,26-074,TOR,1,IND,W (+11),1,32:36,4,7,0.571,1,2,0.5,2,2,1.0,0,0,0,4,0,0,3,5,11,5.5,26
2025,TOR,Jamal Shead,1,1.0,2024-10-23,22-121,TOR,1,CLE,L (-30),0,18:43,3,7,0.429,1,4,0.25,3,3,1.0,0,1,1,4,1,1,2,2,10,8.3,-21
2025,TOR,Jamal Shead,2,2.0,2024-10-25,22-123,TOR,1,PHI,W (+8),0,25:29,4,11,0.364,1,2,0.5,2,2,1.0,0,2,2,5,0,0,7,2,11,1.2,-14
2025,TOR,Jamal Shead,3,3.0,2024-10-26,22-124,TOR,0,MIN,L (-11),0,18:53,2,4,0.5,1,2,0.5,0,0,,0,0,0,5,0,0,1,2,5,4.7,-1
2025,TOR,Jamal Shead,4,4.0,2024-10-28,22-126,TOR,1,DEN,L (-2),0,18:06,4,8,0.5,0,2,0.0,0,0,,0,1,1,5,1,0,1,3,8,6.6,0
2025,TOR,Jamal Shead,5,5.0,2024-10-30,22-128,TOR,0,CHO,L (-5),0,19:34,2,6,0.333,1,2,0.5,2,3,0.667,1,1,2,9,1,0,1,1,7,10.1,0
2025,TOR,Jamal Shead,6,6.0,2024-11-01,22-130,TOR,1,LAL,L (-6),0,14:48,2,7,0.286,0,3,0.0,0,0,,0,1,1,1,0,0,1,2,4,-0.9,-6
2025,TOR,Jamal Shead,7,7.0,2024-11-02,22-131,TOR,1,SAC,W (+3),0,14:04,0,3,0.0,0,1,0.0,0,0,,0,0,0,6,0,0,1,2,0,0.3,-2
2025,TOR,Jamal Shead,8,8.0,2024-11-04,22-133,TOR,0,DEN,L (-2),0,17:27,3,4,0.75,1,1,1.0,1,1,1.0,0,2,2,3,1,0,0,4,8,8.5,-2
2025,TOR,Jamal Shead,9,9.0,2024-11-06,22-135,TOR,0,SAC,L (-15),0,15:47,2,5,0.4,0,1,0.0,1,1,1.0,0,1,1,2,0,1,1,2,5,2.9,-1
2025,TOR,Jamal Shead,10,10.0,2024-11-09,22-138,TOR,0,LAC,L (-2),0,5:23,0,1,0.0,0,1,0.0,0,0,,0,0,0,0,0,0,0,1,0,-1.1,-5
2025,TOR,Jamal Shead,11,11.0,2024-11-10,22-139,TOR,0,LAL,L (-20),0,9:09,1,4,0.25,0,2,0.0,0,0,,0,0,0,1,0,0,3,1,2,-3.1,3
2025,TOR,Jamal Shead,12,12.0,2024-11-12,22-141,TOR,0,MIL,L (-14),0,12:14,0,2,0.0,0,1,0.0,0,0,,0,1,1,2,1,0,2,0,0,-0.7,-12
2025,TOR,Jamal Shead,13,13.0,2024-11-15,22-144,TOR,1,DET,L (-4),0,10:28,2,4,0.5,0,1,0.0,0,0,,0,1,1,1,0,0,0,2,4,2.2,-17
2025,TOR,Jamal Shead,14,14.0,2024-11-16,22-145,TOR,0,BOS,L (-3),0,20:45,3,9,0.333,0,1,0.0,0,0,,0,1,1,4,0,0,1,3,6,1.8,-3
2025,TOR,Jamal Shead,15,15.0,2024-11-18,22-147,TOR,1,IND,W (+11),0,13:59,2,5,0.4,0,2,0.0,0,2,0.0,0,0,0,2,0,0,3,2,4,-1.9,-15
2025,TOR,Jonathan Mogbo,1,1.0,2024-10-23,22-360,TOR,1,CLE,L (-30),0,11:13,2,4,0.5,1,2,0.5,2,2,1.0,0,0,0,0,1,0,0,1,7,5.6,-4
2025,TOR,Jonathan Mogbo,2,2.0,2024-10-25,22-362,TOR,1,PHI,W (+8),0,23:46,3,8,0.375,0,1,0.0,6,7,0.857,5,4,9,5,2,3,2,2,12,16.7,21
2025,TOR,Jonathan Mogbo,3,3.0,2024-10-26,22-363,TOR,0,MIN,L (-11),0,8:54,1,3,0.333,0,0,,0,0,,1,2,3,1,2,0,1,1,2,2.9,-3
2025,TOR,Jonathan Mogbo,4,4.0,2024-10-28,22-365,TOR,1,DEN,L (-2),0,13:36,1,2,0.5,0,1,0.0,4,4,1.0,0,3,3,1,0,0,1,2,6,4.8,2
2025,TOR,Jonathan Mogbo,5,5.0,2024-10-30,23-001,TOR,0,CHO,L (-5),1,25:17,5,7,0.714,0,0,,1,2,0.5,2,2,4,2,1,2,1,2,11,11.7,-9
2025,TOR,Jonathan Mogbo,6,6.0,2024-11-01,23-003,TOR,1,LAL,L (-6),0,20:57,2,6,0.333,0,1,0.0,2,3,0.667,4,2,6,3,2,0,0,5,6,7.7,-3
2025,TOR,Jonathan Mogbo,7,7.0,2024-11-02,23-004,TOR,1,SAC,W (+3),0,16:15,2,3,0.667,0,0,,2,4,0.5,5,1,6,1,1,1,3,6,6,4.7,17
2025,TOR,Jonathan Mogbo,8,8.0,2024-11-04,23-006,TOR,0,DEN,L (-2),0,20:34,2,4,0.5,0,0,,0,2,0.0,3,3,6,2,0,0,0,2,4,4.8,-4
2025,TOR,Jonathan Mogbo,9,9.0,2024-11-06,23-008,TOR,0,SAC,L (-15),0,18:05,2,3,0.667,0,1,0.0,1,2,0.5,4,1,5,3,1,0,1,3,5,7.3,4
2025,TOR,Jonathan Mogbo,10,10.0,2024-11-09,23-011,TOR,0,LAC,L (-2),0,9:19,0,0,,0,0,,0,0,,1,1,2,3,1,0,1,1,0,2.7,-11
2025,TOR,Jonathan Mogbo,11,11.0,2024-11-10,23-012,TOR,0,LAL,L (-20),0,8:03,1,2,0.5,0,0,,1,1,1.0,1,2,3,0,0,0,0,1,3,2.9,-6
2025,TOR,Jonathan Mogbo,12,12.0,2024-11-12,23-014,TOR,0,MIL,L (-14),0,10:38,0,1,0.0,0,0,,0,0,,2,0,2,0,1,1,1,1,0,1.0,-11
2025,TOR,Jonathan Mogbo,13,13.0,2024-11-15,23-017,TOR,1,DET,L (-4),0,16:00,0,3,0.0,0,1,0.0,0,0,,1,3,4,2,1,0,1,0,0,0.9,-6
2025,TOR,Jonathan Mogbo,14,14.0,2024-11-16,23-018,TOR,0,BOS,L (-3),0,16:42,1,2,0.5,0,0,,1,2,0.5,2,3,5,0,0,0,0,3,3,2.7,-3
2025,TOR,Jonathan Mogbo,15,15.0,2024-11-18,23-020,TOR,1,IND,W (+11),0,12:36,2,3,0.667,0,0,,0,0,,3,0,3,1,0,0,0,0,4,5.5,-11
2025,TOR,Jamison Battle,1,1.0,2024-10-23,23-166,TOR,1,CLE,L (-30),0,16:22,2,4,.500,2,4,.500,0,0,,0,2,2,1,0,1,0,1,6,5.6,0
2025,TOR,Jamison Battle,2,2.0,2024-10-25,23-168,TOR,1,PHI,W (+8),0,14:44,4,5,.800,2,3,.667,2,4,.500,3,3,6,0,0,0,0,6,12,9.9,+4
2025,TOR,Jamison Battle,3,3.0,2024-10-26,23-169,TOR,0,MIN,L (-11),0,18:48,3,8,.375,1,4,.250,2,2,1.000,2,4,6,1,0,0,0,0,9,7.9,+4
2025,TOR,Jamison Battle,4,4.0,2024-10-28,23-171,TOR,1,DEN,L (-2),0,12:08,1,3,.333,0,2,.000,2,2,1.000,1,0,1,0,0,1,0,3,4,2.5,+3
2025,TOR,Jamison Battle,5,5.0,2024-10-30,23-173,TOR,0,CHO,L (-5),0,14:03,0,2,.000,0,2,.000,0,0,,0,3,3,0,0,0,0,2,0,-1.3,-19
2025,TOR,Jamison Battle,6,,2024-11-01,23-175,TOR,1,LAL,L (-6),Did Not Play,Did Not Play,Did Not Play,Did Not Play,Did Not Play,Did Not Play,Did Not Play,Did Not Play,Did Not Play,Did Not Play,Did Not Play,Did Not Play,Did Not Play,Did Not Play,Did Not Play,Did Not Play,Did Not Play,Did Not Play,Did Not Play,Did Not Play,Did Not Play,Did Not Play
2025,TOR,Jamison Battle,7,6.0,2024-11-02,23-176,TOR,1,SAC,W (+3),0,15:28,3,6,.500,3,6,.500,0,0,,1,0,1,3,0,0,0,0,9,8.8,+6
2025,TOR,Jamison Battle,8,7.0,2024-11-04,23-178,TOR,0,DEN,L (-2),0,12:28,2,6,.333,1,4,.250,0,0,,1,1,2,0,0,0,0,1,5,2.2,-6
2025,TOR,Jamison Battle,9,8.0,2024-11-06,23-180,TOR,0,SAC,L (-15),0,15:31,2,7,.286,2,5,.400,0,0,,0,2,2,2,0,0,2,4,6,0.3,0
2025,TOR,Jamison Battle,10,9.0,2024-11-09,23-183,TOR,0,LAC,L (-2),0,13:57,1,5,.200,1,5,.200,0,0,,0,2,2,1,0,0,0,2,3,0.4,-3
2025,TOR,Jamison Battle,11,10.0,2024-11-10,23-184,TOR,0,LAL,L (-20),0,12:53,0,1,.000,0,1,.000,0,0,,2,1,3,1,0,0,2,0,0,-0.3,-1
2025,TOR,Jamison Battle,12,11.0,2024-11-12,23-186,TOR,0,MIL,L (-14),0,11:56,2,4,.500,0,0,,0,0,,0,1,1,1,0,0,0,0,4,3.0,-2
2025,TOR,Jamison Battle,13,12.0,2024-11-15,23-189,TOR,1,DET,L (-4),0,13:53,3,4,.750,3,4,.750,0,0,,0,1,1,0,0,0,0,0,9,7.7,-27
2025,TOR,Jamison Battle,14,13.0,2024-11-16,23-190,TOR,0,BOS,L (-3),0,10:53,1,1,1.000,1,1,1.000,0,0,,0,0,0,1,0,0,0,0,3,3.4,-2
2025,TOR,Jamison Battle,15,14.0,2024-11-18,23-192,TOR,1,IND,W (+11),0,10:55,3,6,.500,3,5,.600,0,0,,0,1,1,1,0,0,0,1,9,6.6,-4
2025,TOR,RJ Barrett,1,,2024-10-23,24-131,TOR,1,CLE,L (-30),Inactive,Inactive,Inactive,Inactive,Inactive,Inactive,Inactive,Inactive,Inactive,Inactive,Inactive,Inactive,Inactive,Inactive,Inactive,Inactive,Inactive,Inactive,Inactive,Inactive,Inactive,Inactive
2025,TOR,RJ Barrett,2,,2024-10-25,24-133,TOR,1,PHI,W (+8),Inactive,Inactive,Inactive,Inactive,Inactive,Inactive,Inactive,Inactive,Inactive,Inactive,Inactive,Inactive,Inactive,Inactive,Inactive,Inactive,Inactive,Inactive,Inactive,Inactive,Inactive,Inactive
2025,TOR,RJ Barrett,3,,2024-10-26,24-134,TOR,0,MIN,L (-11),Inactive,Inactive,Inactive,Inactive,Inactive,Inactive,Inactive,Inactive,Inactive,Inactive,Inactive,Inactive,Inactive,Inactive,Inactive,Inactive,Inactive,Inactive,Inactive,Inactive,Inactive,Inactive
2025,TOR,RJ Barrett,4,1.0,2024-10-28,24-136,TOR,1,DEN,L (-2),1,28:40,9,21,.429,2,6,.333,0,0,,1,4,5,3,0,0,2,5,20,8.9,-3
2025,TOR,RJ Barrett,5,2.0,2024-10-30,24-138,TOR,0,CHO,L (-5),1,33:20,10,18,.556,4,6,.667,7,12,.583,1,3,4,8,2,0,3,3,31,25.4,-6
2025,TOR,RJ Barrett,6,3.0,2024-11-01,24-140,TOR,1,LAL,L (-6),1,31:48,14,22,.636,3,5,.600,2,2,1.000,1,4,5,12,0,0,4,3,33,28.3,+1
2025,TOR,RJ Barrett,7,4.0,2024-11-02,24-141,TOR,1,SAC,W (+3),1,39:54,10,26,.385,3,9,.333,8,11,.727,2,7,9,6,1,0,2,1,31,21.9,+5
2025,TOR,RJ Barrett,8,5.0,2024-11-04,24-143,TOR,0,DEN,L (-2),1,32:36,5,21,.238,2,11,.182,4,5,.800,1,5,6,10,1,0,5,4,16,6.5,-8
2025,TOR,RJ Barrett,9,6.0,2024-11-06,24-145,TOR,0,SAC,L (-15),1,32:33,9,19,.474,1,5,.200,4,5,.800,0,3,3,3,2,0,3,2,23,14.1,-9
2025,TOR,RJ Barrett,10,7.0,2024-11-09,24-148,TOR,0,LAC,L (-2),1,30:28,6,15,.400,1,3,.333,0,2,.000,0,6,6,3,2,1,4,2,13,5.9,-11
2025,TOR,RJ Barrett,11,8.0,2024-11-10,24-149,TOR,0,LAL,L (-20),1,36:25,5,15,.333,1,7,.143,7,9,.778,0,7,7,4,0,0,4,3,18,8.4,-24
2025,TOR,RJ Barrett,12,9.0,2024-11-12,24-151,TOR,0,MIL,L (-14),1,30:58,3,14,.214,1,5,.200,0,0,,1,6,7,2,2,0,5,1,7,-1.1,-23
2025,TOR,RJ Barrett,13,10.0,2024-11-15,24-154,TOR,1,DET,L (-4),1,34:30,6,18,.333,2,6,.333,8,9,.889,3,3,6,7,0,1,1,1,22,18.6,+14
2025,TOR,RJ Barrett,14,11.0,2024-11-16,24-155,TOR,0,BOS,L (-3),1,42:29,10,27,.370,1,3,.333,4,9,.444,0,10,10,15,1,1,1,4,25,20.7,+3
2025,TOR,RJ Barrett,15,12.0,2024-11-18,24-157,TOR,1,IND,W (+11),1,35:35,13,21,.619,4,8,.500,9,12,.750,1,8,9,5,0,0,5,2,39,29.1,+12
2025,TOR,Garrett Temple,1,1.0,2024-10-23,38-168,TOR,1,CLE,L (-30),0,8:30,1,2,.500,0,1,.000,0,0,,0,0,0,2,1,0,0,2,2,2.6,+1
2025,TOR,Garrett Temple,2,2.0,2024-10-25,38-170,TOR,1,PHI,W (+8),0,0:13,0,0,,0,0,,0,0,,0,0,0,0,0,0,0,0,0,0.0,0
2025,TOR,Garrett Temple,3,,2024-10-26,38-171,TOR,0,MIN,L (-11),Did Not Play,Did Not Play,Did Not Play,Did Not Play,Did Not Play,Did Not Play,Did Not Play,Did Not Play,Did Not Play,Did Not Play,Did Not Play,Did Not Play,Did Not Play,Did Not Play,Did Not Play,Did Not Play,Did Not Play,Did Not Play,Did Not Play,Did Not Play,Did Not Play,Did Not Play
2025,TOR,Garrett Temple,4,,2024-10-28,38-173,TOR,1,DEN,L (-2),Did Not Play,Did Not Play,Did Not Play,Did Not Play,Did Not Play,Did Not Play,Did Not Play,Did Not Play,Did Not Play,Did Not Play,Did Not Play,Did Not Play,Did Not Play,Did Not Play,Did Not Play,Did Not Play,Did Not Play,Did Not Play,Did Not Play,Did Not Play,Did Not Play,Did Not Play
2025,TOR,Garrett Temple,5,,2024-10-30,38-175,TOR,0,CHO,L (-5),Did Not Play,Did Not Play,Did Not Play,Did Not Play,Did Not Play,Did Not Play,Did Not Play,Did Not Play,Did Not Play,Did Not Play,Did Not Play,Did Not Play,Did Not Play,Did Not Play,Did Not Play,Did Not Play,Did Not Play,Did Not Play,Did Not Play,Did Not Play,Did Not Play,Did Not Play
2025,TOR,Garrett Temple,6,,2024-11-01,38-177,TOR,1,LAL,L (-6),Did Not Play,Did Not Play,Did Not Play,Did Not Play,Did Not Play,Did Not Play,Did Not Play,Did Not Play,Did Not Play,Did Not Play,Did Not Play,Did Not Play,Did Not Play,Did Not Play,Did Not Play,Did Not Play,Did Not Play,Did Not Play,Did Not Play,Did Not Play,Did Not Play,Did Not Play
2025,TOR,Garrett Temple,7,,2024-11-02,38-178,TOR,1,SAC,W (+3),Did Not Play,Did Not Play,Did Not Play,Did Not Play,Did Not Play,Did Not Play,Did Not Play,Did Not Play,Did Not Play,Did Not Play,Did Not Play,Did Not Play,Did Not Play,Did Not Play,Did Not Play,Did Not Play,Did Not Play,Did Not Play,Did Not Play,Did Not Play,Did Not Play,Did Not Play
2025,TOR,Garrett Temple,8,,2024-11-04,38-180,TOR,0,DEN,L (-2),Did Not Play,Did Not Play,Did Not Play,Did Not Play,Did Not Play,Did Not Play,Did Not Play,Did Not Play,Did Not Play,Did Not Play,Did Not Play,Did Not Play,Did Not Play,Did Not Play,Did Not Play,Did Not Play,Did Not Play,Did Not Play,Did Not Play,Did Not Play,Did Not Play,Did Not Play
2025,TOR,Garrett Temple,9,,2024-11-06,38-182,TOR,0,SAC,L (-15),Did Not Dress,Did Not Dress,Did Not Dress,Did Not Dress,Did Not Dress,Did Not Dress,Did Not Dress,Did Not Dress,Did Not Dress,Did Not Dress,Did Not Dress,Did Not Dress,Did Not Dress,Did Not Dress,Did Not Dress,Did Not Dress,Did Not Dress,Did Not Dress,Did Not Dress,Did Not Dress,Did Not Dress,Did Not Dress
2025,TOR,Garrett Temple,10,,2024-11-09,38-185,TOR,0,LAC,L (-2),Did Not Dress,Did Not Dress,Did Not Dress,Did Not Dress,Did Not Dress,Did Not Dress,Did Not Dress,Did Not Dress,Did Not Dress,Did Not Dress,Did Not Dress,Did Not Dress,Did Not Dress,Did Not Dress,Did Not Dress,Did Not Dress,Did Not Dress,Did Not Dress,Did Not Dress,Did Not Dress,Did Not Dress,Did Not Dress
2025,TOR,Garrett Temple,11,,2024-11-10,38-186,TOR,0,LAL,L (-20),Did Not Dress,Did Not Dress,Did Not Dress,Did Not Dress,Did Not Dress,Did Not Dress,Did Not Dress,Did Not Dress,Did Not Dress,Did Not Dress,Did Not Dress,Did Not Dress,Did Not Dress,Did Not Dress,Did Not Dress,Did Not Dress,Did Not Dress,Did Not Dress,Did Not Dress,Did Not Dress,Did Not Dress,Did Not Dress
2025,TOR,Garrett Temple,12,3.0,2024-11-12,38-188,TOR,0,MIL,L (-14),0,1:56,0,1,.000,0,0,,0,0,,1,0,1,0,0,0,0,0,0,0.0,+1
2025,TOR,Garrett Temple,13,4.0,2024-11-15,38-191,TOR,1,DET,L (-4),0,2:08,0,0,,0,0,,0,0,,0,0,0,0,0,0,1,1,0,-1.4,+2
2025,TOR,Garrett Temple,14,,2024-11-16,38-192,TOR,0,BOS,L (-3),Did Not Play,Did Not Play,Did Not Play,Did Not Play,Did Not Play,Did Not Play,Did Not Play,Did Not Play,Did Not Play,Did Not Play,Did Not Play,Did Not Play,Did Not Play,Did Not Play,Did Not Play,Did Not Play,Did Not Play,Did Not Play,Did Not Play,Did Not Play,Did Not Play,Did Not Play
2025,TOR,Garrett Temple,15,5.0,2024-11-18,38-194,TOR,1,IND,W (+11),0,10:55,1,2,.500,1,1,1.000,0,0,,0,3,3,3,2,1,0,3,3,6.5,+9
2025,TOR,Scottie Barnes,1,1.0,2024-10-23,23-083,TOR,1,CLE,L (-30),1,25:51,3,14,.214,0,2,.000,3,4,.750,3,3,6,5,0,0,2,5,9,2.5,-33
2025,TOR,Scottie Barnes,2,2.0,2024-10-25,23-085,TOR,1,PHI,W (+8),1,36:19,8,11,.727,0,2,.000,11,13,.846,2,3,5,4,2,1,4,2,27,24.7,-1
2025,TOR,Scottie Barnes,3,3.0,2024-10-26,23-086,TOR,0,MIN,L (-11),1,36:49,9,19,.474,1,4,.250,1,2,.500,3,5,8,6,1,0,6,4,20,11.1,-13
2025,TOR,Scottie Barnes,4,4.0,2024-10-28,23-088,TOR,1,DEN,L (-2),1,35:18,9,19,.474,1,3,.333,2,4,.500,2,10,12,9,5,1,4,1,21,22.5,-2
2025,TOR,Scottie Barnes,5,,2024-10-30,23-090,TOR,0,CHO,L (-5),Inactive,Inactive,Inactive,Inactive,Inactive,Inactive,Inactive,Inactive,Inactive,Inactive,Inactive,Inactive,Inactive,Inactive,Inactive,Inactive,Inactive,Inactive,Inactive,Inactive,Inactive,Inactive
2025,TOR,Scottie Barnes,6,,2024-11-01,23-092,TOR,1,LAL,L (-6),Inactive,Inactive,Inactive,Inactive,Inactive,Inactive,Inactive,Inactive,Inactive,Inactive,Inactive,Inactive,Inactive,Inactive,Inactive,Inactive,Inactive,Inactive,Inactive,Inactive,Inactive,Inactive
2025,TOR,Scottie Barnes,7,,2024-11-02,23-093,TOR,1,SAC,W (+3),Inactive,Inactive,Inactive,Inactive,Inactive,Inactive,Inactive,Inactive,Inactive,Inactive,Inactive,Inactive,Inactive,Inactive,Inactive,Inactive,Inactive,Inactive,Inactive,Inactive,Inactive,Inactive
2025,TOR,Scottie Barnes,8,,2024-11-04,23-095,TOR,0,DEN,L (-2),Inactive,Inactive,Inactive,Inactive,Inactive,Inactive,Inactive,Inactive,Inactive,Inactive,Inactive,Inactive,Inactive,Inactive,Inactive,Inactive,Inactive,Inactive,Inactive,Inactive,Inactive,Inactive
2025,TOR,Scottie Barnes,9,,2024-11-06,23-097,TOR,0,SAC,L (-15),Inactive,Inactive,Inactive,Inactive,Inactive,Inactive,Inactive,Inactive,Inactive,Inactive,Inactive,Inactive,Inactive,Inactive,Inactive,Inactive,Inactive,Inactive,Inactive,Inactive,Inactive,Inactive
2025,TOR,Scottie Barnes,10,,2024-11-09,23-100,TOR,0,LAC,L (-2),Inactive,Inactive,Inactive,Inactive,Inactive,Inactive,Inactive,Inactive,Inactive,Inactive,Inactive,Inactive,Inactive,Inactive,Inactive,Inactive,Inactive,Inactive,Inactive,Inactive,Inactive,Inactive
2025,TOR,Scottie Barnes,11,,2024-11-10,23-101,TOR,0,LAL,L (-20),Inactive,Inactive,Inactive,Inactive,Inactive,Inactive,Inactive,Inactive,Inactive,Inactive,Inactive,Inactive,Inactive,Inactive,Inactive,Inactive,Inactive,Inactive,Inactive,Inactive,Inactive,Inactive
2025,TOR,Scottie Barnes,12,,2024-11-12,23-103,TOR,0,MIL,L (-14),Inactive,Inactive,Inactive,Inactive,Inactive,Inactive,Inactive,Inactive,Inactive,Inactive,Inactive,Inactive,Inactive,Inactive,Inactive,Inactive,Inactive,Inactive,Inactive,Inactive,Inactive,Inactive
2025,TOR,Scottie Barnes,13,,2024-11-15,23-106,TOR,1,DET,L (-4),Inactive,Inactive,Inactive,Inactive,Inactive,Inactive,Inactive,Inactive,Inactive,Inactive,Inactive,Inactive,Inactive,Inactive,Inactive,Inactive,Inactive,Inactive,Inactive,Inactive,Inactive,Inactive
2025,TOR,Scottie Barnes,14,,2024-11-16,23-107,TOR,0,BOS,L (-3),Inactive,Inactive,Inactive,Inactive,Inactive,Inactive,Inactive,Inactive,Inactive,Inactive,Inactive,Inactive,Inactive,Inactive,Inactive,Inactive,Inactive,Inactive,Inactive,Inactive,Inactive,Inactive
2025,TOR,Scottie Barnes,15,,2024-11-18,23-109,TOR,1,IND,W (+11),Inactive,Inactive,Inactive,Inactive,Inactive,Inactive,Inactive,Inactive,Inactive,Inactive,Inactive,Inactive,Inactive,Inactive,Inactive,Inactive,Inactive,Inactive,Inactive,Inactive,Inactive,Inactive
2025,TOR,Ja'Kobe Walter,1,,2024-10-23,20-049,TOR,1,CLE,L (-30),Inactive,Inactive,Inactive,Inactive,Inactive,Inactive,Inactive,Inactive,Inactive,Inactive,Inactive,Inactive,Inactive,Inactive,Inactive,Inactive,Inactive,Inactive,Inactive,Inactive,Inactive,Inactive
2025,TOR,Ja'Kobe Walter,2,,2024-10-25,20-051,TOR,1,PHI,W (+8),Inactive,Inactive,Inactive,Inactive,Inactive,Inactive,Inactive,Inactive,Inactive,Inactive,Inactive,Inactive,Inactive,Inactive,Inactive,Inactive,Inactive,Inactive,Inactive,Inactive,Inactive,Inactive
2025,TOR,Ja'Kobe Walter,3,,2024-10-26,20-052,TOR,0,MIN,L (-11),Inactive,Inactive,Inactive,Inactive,Inactive,Inactive,Inactive,Inactive,Inactive,Inactive,Inactive,Inactive,Inactive,Inactive,Inactive,Inactive,Inactive,Inactive,Inactive,Inactive,Inactive,Inactive
2025,TOR,Ja'Kobe Walter,4,,2024-10-28,20-054,TOR,1,DEN,L (-2),Inactive,Inactive,Inactive,Inactive,Inactive,Inactive,Inactive,Inactive,Inactive,Inactive,Inactive,Inactive,Inactive,Inactive,Inactive,Inactive,Inactive,Inactive,Inactive,Inactive,Inactive,Inactive
2025,TOR,Ja'Kobe Walter,5,,2024-10-30,20-056,TOR,0,CHO,L (-5),Inactive,Inactive,Inactive,Inactive,Inactive,Inactive,Inactive,Inactive,Inactive,Inactive,Inactive,Inactive,Inactive,Inactive,Inactive,Inactive,Inactive,Inactive,Inactive,Inactive,Inactive,Inactive
2025,TOR,Ja'Kobe Walter,6,1.0,2024-11-01,20-058,TOR,1,LAL,L (-6),0,21:52,1,8,.125,0,3,.000,3,3,1.000,2,4,6,1,0,1,0,3,5,2.6,+7
2025,TOR,Ja'Kobe Walter,7,2.0,2024-11-02,20-059,TOR,1,SAC,W (+3),0,10:20,0,1,.000,0,0,,0,2,.000,1,1,2,1,0,0,0,2,0,-0.6,-6
2025,TOR,Ja'Kobe Walter,8,3.0,2024-11-04,20-061,TOR,0,DEN,L (-2),0,8:42,1,4,.250,1,2,.500,0,0,,1,1,2,1,0,0,0,3,3,1.1,+10
2025,TOR,Ja'Kobe Walter,9,4.0,2024-11-06,20-063,TOR,0,SAC,L (-15),0,7:45,1,3,.333,0,1,.000,0,0,,0,1,1,0,0,0,0,0,2,0.6,+8
2025,TOR,Ja'Kobe Walter,10,,2024-11-09,20-066,TOR,0,LAC,L (-2),Inactive,Inactive,Inactive,Inactive,Inactive,Inactive,Inactive,Inactive,Inactive,Inactive,Inactive,Inactive,Inactive,Inactive,Inactive,Inactive,Inactive,Inactive,Inactive,Inactive,Inactive,Inactive
2025,TOR,Ja'Kobe Walter,11,,2024-11-10,20-067,TOR,0,LAL,L (-20),Inactive,Inactive,Inactive,Inactive,Inactive,Inactive,Inactive,Inactive,Inactive,Inactive,Inactive,Inactive,Inactive,Inactive,Inactive,Inactive,Inactive,Inactive,Inactive,Inactive,Inactive,Inactive
2025,TOR,Ja'Kobe Walter,12,,2024-11-12,20-069,TOR,0,MIL,L (-14),Inactive,Inactive,Inactive,Inactive,Inactive,Inactive,Inactive,Inactive,Inactive,Inactive,Inactive,Inactive,Inactive,Inactive,Inactive,Inactive,Inactive,Inactive,Inactive,Inactive,Inactive,Inactive
2025,TOR,Ja'Kobe Walter,13,,2024-11-15,20-072,TOR,1,DET,L (-4),Inactive,Inactive,Inactive,Inactive,Inactive,Inactive,Inactive,Inactive,Inactive,Inactive,Inactive,Inactive,Inactive,Inactive,Inactive,Inactive,Inactive,Inactive,Inactive,Inactive,Inactive,Inactive
2025,TOR,Ja'Kobe Walter,14,,2024-11-16,20-073,TOR,0,BOS,L (-3),Inactive,Inactive,Inactive,Inactive,Inactive,Inactive,Inactive,Inactive,Inactive,Inactive,Inactive,Inactive,Inactive,Inactive,Inactive,Inactive,Inactive,Inactive,Inactive,Inactive,Inactive,Inactive
2025,TOR,Ja'Kobe Walter,15,,2024-11-18,20-075,TOR,1,IND,W (+11),Inactive,Inactive,Inactive,Inactive,Inactive,Inactive,Inactive,Inactive,Inactive,Inactive,Inactive,Inactive,Inactive,Inactive,Inactive,Inactive,Inactive,Inactive,Inactive,Inactive,Inactive,Inactive
2025,TOR,Immanuel Quickley,1,1.0,2024-10-23,25-128,TOR,1,CLE,L (-30),1,14:14,4,9,.444,2,4,.500,3,4,.750,0,2,2,4,1,0,2,2,13,9.5,-2
2025,TOR,Immanuel Quickley,2,,2024-10-25,25-130,TOR,1,PHI,W (+8),Inactive,Inactive,Inactive,Inactive,Inactive,Inactive,Inactive,Inactive,Inactive,Inactive,Inactive,Inactive,Inactive,Inactive,Inactive,Inactive,Inactive,Inactive,Inactive,Inactive,Inactive,Inactive
2025,TOR,Immanuel Quickley,3,,2024-10-26,25-131,TOR,0,MIN,L (-11),Inactive,Inactive,Inactive,Inactive,Inactive,Inactive,Inactive,Inactive,Inactive,Inactive,Inactive,Inactive,Inactive,Inactive,Inactive,Inactive,Inactive,Inactive,Inactive,Inactive,Inactive,Inactive
2025,TOR,Immanuel Quickley,4,,2024-10-28,25-133,TOR,1,DEN,L (-2),Inactive,Inactive,Inactive,Inactive,Inactive,Inactive,Inactive,Inactive,Inactive,Inactive,Inactive,Inactive,Inactive,Inactive,Inactive,Inactive,Inactive,Inactive,Inactive,Inactive,Inactive,Inactive
2025,TOR,Immanuel Quickley,5,,2024-10-30,25-135,TOR,0,CHO,L (-5),Did Not Dress,Did Not Dress,Did Not Dress,Did Not Dress,Did Not Dress,Did Not Dress,Did Not Dress,Did Not Dress,Did Not Dress,Did Not Dress,Did Not Dress,Did Not Dress,Did Not Dress,Did Not Dress,Did Not Dress,Did Not Dress,Did Not Dress,Did Not Dress,Did Not Dress,Did Not Dress,Did Not Dress,Did Not Dress
2025,TOR,Immanuel Quickley,6,,2024-11-01,25-137,TOR,1,LAL,L (-6),Inactive,Inactive,Inactive,Inactive,Inactive,Inactive,Inactive,Inactive,Inactive,Inactive,Inactive,Inactive,Inactive,Inactive,Inactive,Inactive,Inactive,Inactive,Inactive,Inactive,Inactive,Inactive
2025,TOR,Immanuel Quickley,7,,2024-11-02,25-138,TOR,1,SAC,W (+3),Inactive,Inactive,Inactive,Inactive,Inactive,Inactive,Inactive,Inactive,Inactive,Inactive,Inactive,Inactive,Inactive,Inactive,Inactive,Inactive,Inactive,Inactive,Inactive,Inactive,Inactive,Inactive
2025,TOR,Immanuel Quickley,8,,2024-11-04,25-140,TOR,0,DEN,L (-2),Inactive,Inactive,Inactive,Inactive,Inactive,Inactive,Inactive,Inactive,Inactive,Inactive,Inactive,Inactive,Inactive,Inactive,Inactive,Inactive,Inactive,Inactive,Inactive,Inactive,Inactive,Inactive
2025,TOR,Immanuel Quickley,9,,2024-11-06,25-142,TOR,0,SAC,L (-15),Inactive,Inactive,Inactive,Inactive,Inactive,Inactive,Inactive,Inactive,Inactive,Inactive,Inactive,Inactive,Inactive,Inactive,Inactive,Inactive,Inactive,Inactive,Inactive,Inactive,Inactive,Inactive
2025,TOR,Immanuel Quickley,10,2.0,2024-11-09,25-145,TOR,0,LAC,L (-2),1,26:07,8,18,.444,3,8,.375,2,2,1.000,1,2,3,4,1,0,1,2,21,14.9,-6
2025,TOR,Immanuel Quickley,11,3.0,2024-11-10,25-146,TOR,0,LAL,L (-20),1,27:12,4,15,.267,1,4,.250,3,3,1.000,0,1,1,4,0,0,1,3,12,4.0,-21
2025,TOR,Immanuel Quickley,12,,2024-11-12,25-148,TOR,0,MIL,L (-14),Did Not Dress,Did Not Dress,Did Not Dress,Did Not Dress,Did Not Dress,Did Not Dress,Did Not Dress,Did Not Dress,Did Not Dress,Did Not Dress,Did Not Dress,Did Not Dress,Did Not Dress,Did Not Dress,Did Not Dress,Did Not Dress,Did Not Dress,Did Not Dress,Did Not Dress,Did Not Dress,Did Not Dress,Did Not Dress
2025,TOR,Immanuel Quickley,13,,2024-11-15,25-151,TOR,1,DET,L (-4),Did Not Dress,Did Not Dress,Did Not Dress,Did Not Dress,Did Not Dress,Did Not Dress,Did Not Dress,Did Not Dress,Did Not Dress,Did Not Dress,Did Not Dress,Did Not Dress,Did Not Dress,Did Not Dress,Did Not Dress,Did Not Dress,Did Not Dress,Did Not Dress,Did Not Dress,Did Not Dress,Did Not Dress,Did Not Dress
2025,TOR,Immanuel Quickley,14,,2024-11-16,25-152,TOR,0,BOS,L (-3),Not With Team,Not With Team,Not With Team,Not With Team,Not With Team,Not With Team,Not With Team,Not With Team,Not With Team,Not With Team,Not With Team,Not With Team,Not With Team,Not With Team,Not With Team,Not With Team,Not With Team,Not With Team,Not With Team,Not With Team,Not With Team,Not With Team
2025,TOR,Immanuel Quickley,15,,2024-11-18,25-154,TOR,1,IND,W (+11),Did Not Dress,Did Not Dress,Did Not Dress,Did Not Dress,Did Not Dress,Did Not Dress,Did Not Dress,Did Not Dress,Did Not Dress,Did Not Dress,Did Not Dress,Did Not Dress,Did Not Dress,Did Not Dress,Did Not Dress,Did Not Dress,Did Not Dress,Did Not Dress,Did Not Dress,Did Not Dress,Did Not Dress,Did Not Dress
2025,TOR,Ulrich Chomche,1,1.0,2024-10-23,18-298,TOR,1,CLE,L (-30),0,4:30,1,1,1.000,0,0,,0,0,,0,1,1,0,0,0,0,0,2,2.0,-4
2025,TOR,Ulrich Chomche,2,,2024-10-25,18-300,TOR,1,PHI,W (+8),Did Not Play,Did Not Play,Did Not Play,Did Not Play,Did Not Play,Did Not Play,Did Not Play,Did Not Play,Did Not Play,Did Not Play,Did Not Play,Did Not Play,Did Not Play,Did Not Play,Did Not Play,Did Not Play,Did Not Play,Did Not Play,Did Not Play,Did Not Play,Did Not Play,Did Not Play
2025,TOR,Ulrich Chomche,3,,2024-10-26,18-301,TOR,0,MIN,L (-11),Did Not Play,Did Not Play,Did Not Play,Did Not Play,Did Not Play,Did Not Play,Did Not Play,Did Not Play,Did Not Play,Did Not Play,Did Not Play,Did Not Play,Did Not Play,Did Not Play,Did Not Play,Did Not Play,Did Not Play,Did Not Play,Did Not Play,Did Not Play,Did Not Play,Did Not Play
2025,TOR,Ulrich Chomche,4,,2024-10-28,18-303,TOR,1,DEN,L (-2),Inactive,Inactive,Inactive,Inactive,Inactive,Inactive,Inactive,Inactive,Inactive,Inactive,Inactive,Inactive,Inactive,Inactive,Inactive,Inactive,Inactive,Inactive,Inactive,Inactive,Inactive,Inactive
2025,TOR,Ulrich Chomche,5,,2024-10-30,18-305,TOR,0,CHO,L (-5),Inactive,Inactive,Inactive,Inactive,Inactive,Inactive,Inactive,Inactive,Inactive,Inactive,Inactive,Inactive,Inactive,Inactive,Inactive,Inactive,Inactive,Inactive,Inactive,Inactive,Inactive,Inactive
2025,TOR,Ulrich Chomche,6,,2024-11-01,18-307,TOR,1,LAL,L (-6),Inactive,Inactive,Inactive,Inactive,Inactive,Inactive,Inactive,Inactive,Inactive,Inactive,Inactive,Inactive,Inactive,Inactive,Inactive,Inactive,Inactive,Inactive,Inactive,Inactive,Inactive,Inactive
2025,TOR,Ulrich Chomche,7,,2024-11-02,18-308,TOR,1,SAC,W (+3),Inactive,Inactive,Inactive,Inactive,Inactive,Inactive,Inactive,Inactive,Inactive,Inactive,Inactive,Inactive,Inactive,Inactive,Inactive,Inactive,Inactive,Inactive,Inactive,Inactive,Inactive,Inactive
2025,TOR,Ulrich Chomche,8,,2024-11-04,18-310,TOR,0,DEN,L (-2),Inactive,Inactive,Inactive,Inactive,Inactive,Inactive,Inactive,Inactive,Inactive,Inactive,Inactive,Inactive,Inactive,Inactive,Inactive,Inactive,Inactive,Inactive,Inactive,Inactive,Inactive,Inactive
2025,TOR,Ulrich Chomche,9,,2024-11-06,18-312,TOR,0,SAC,L (-15),Inactive,Inactive,Inactive,Inactive,Inactive,Inactive,Inactive,Inactive,Inactive,Inactive,Inactive,Inactive,Inactive,Inactive,Inactive,Inactive,Inactive,Inactive,Inactive,Inactive,Inactive,Inactive
2025,TOR,Ulrich Chomche,10,,2024-11-09,18-315,TOR,0,LAC,L (-2),Inactive,Inactive,Inactive,Inactive,Inactive,Inactive,Inactive,Inactive,Inactive,Inactive,Inactive,Inactive,Inactive,Inactive,Inactive,Inactive,Inactive,Inactive,Inactive,Inactive,Inactive,Inactive
2025,TOR,Ulrich Chomche,11,,2024-11-10,18-316,TOR,0,LAL,L (-20),Inactive,Inactive,Inactive,Inactive,Inactive,Inactive,Inactive,Inactive,Inactive,Inactive,Inactive,Inactive,Inactive,Inactive,Inactive,Inactive,Inactive,Inactive,Inactive,Inactive,Inactive,Inactive
2025,TOR,Ulrich Chomche,12,,2024-11-12,18-318,TOR,0,MIL,L (-14),Inactive,Inactive,Inactive,Inactive,Inactive,Inactive,Inactive,Inactive,Inactive,Inactive,Inactive,Inactive,Inactive,Inactive,Inactive,Inactive,Inactive,Inactive,Inactive,Inactive,Inactive,Inactive
2025,TOR,Ulrich Chomche,13,,2024-11-15,18-321,TOR,1,DET,L (-4),Inactive,Inactive,Inactive,Inactive,Inactive,Inactive,Inactive,Inactive,Inactive,Inactive,Inactive,Inactive,Inactive,Inactive,Inactive,Inactive,Inactive,Inactive,Inactive,Inactive,Inactive,Inactive
2025,TOR,Ulrich Chomche,14,,2024-11-16,18-322,TOR,0,BOS,L (-3),Inactive,Inactive,Inactive,Inactive,Inactive,Inactive,Inactive,Inactive,Inactive,Inactive,Inactive,Inactive,Inactive,Inactive,Inactive,Inactive,Inactive,Inactive,Inactive,Inactive,Inactive,Inactive
2025,TOR,Ulrich Chomche,15,,2024-11-18,18-324,TOR,1,IND,W (+11),Inactive,Inactive,Inactive,Inactive,Inactive,Inactive,Inactive,Inactive,Inactive,Inactive,Inactive,Inactive,Inactive,Inactive,Inactive,Inactive,Inactive,Inactive,Inactive,Inactive,Inactive,Inactive
2025,TOR,Bruce Brown,1,,2024-10-23,28-069,TOR,1,CLE,L (-30),Inactive,Inactive,Inactive,Inactive,Inactive,,,,Inactive,Inactive,Inactive,,,Inactive,Inactive,,,,Inactive,Inactive,Inactive,Inactive
2025,TOR,Bruce Brown,2,,2024-10-25,28-071,TOR,1,PHI,W (+8),Inactive,Inactive,Inactive,Inactive,Inactive,,,,Inactive,Inactive,Inactive,,,Inactive,Inactive,,,,Inactive,Inactive,Inactive,Inactive
2025,TOR,Bruce Brown,3,,2024-10-26,28-072,TOR,0,MIN,L (-11),Inactive,Inactive,Inactive,Inactive,Inactive,,,,Inactive,Inactive,Inactive,,,Inactive,Inactive,,,,Inactive,Inactive,Inactive,Inactive
2025,TOR,Bruce Brown,4,,2024-10-28,28-074,TOR,1,DEN,L (-2),Inactive,Inactive,Inactive,Inactive,Inactive,,,,Inactive,Inactive,Inactive,,,Inactive,Inactive,,,,Inactive,Inactive,Inactive,Inactive
2025,TOR,Bruce Brown,5,,2024-10-30,28-076,TOR,0,CHO,L (-5),Inactive,Inactive,Inactive,Inactive,Inactive,,,,Inactive,Inactive,Inactive,,,Inactive,Inactive,,,,Inactive,Inactive,Inactive,Inactive
2025,TOR,Bruce Brown,6,,2024-11-01,28-078,TOR,1,LAL,L (-6),Inactive,Inactive,Inactive,Inactive,Inactive,,,,Inactive,Inactive,Inactive,,,Inactive,Inactive,,,,Inactive,Inactive,Inactive,Inactive
2025,TOR,Bruce Brown,7,,2024-11-02,28-079,TOR,1,SAC,W (+3),Inactive,Inactive,Inactive,Inactive,Inactive,,,,Inactive,Inactive,Inactive,,,Inactive,Inactive,,,,Inactive,Inactive,Inactive,Inactive
2025,TOR,Bruce Brown,8,,2024-11-04,28-081,TOR,0,DEN,L (-2),Inactive,Inactive,Inactive,Inactive,Inactive,,,,Inactive,Inactive,Inactive,,,Inactive,Inactive,,,,Inactive,Inactive,Inactive,Inactive
2025,TOR,Bruce Brown,9,,2024-11-06,28-083,TOR,0,SAC,L (-15),Inactive,Inactive,Inactive,Inactive,Inactive,,,,Inactive,Inactive,Inactive,,,Inactive,Inactive,,,,Inactive,Inactive,Inactive,Inactive
2025,TOR,Bruce Brown,10,,2024-11-09,28-086,TOR,0,LAC,L (-2),Inactive,Inactive,Inactive,Inactive,Inactive,,,,Inactive,Inactive,Inactive,,,Inactive,Inactive,,,,Inactive,Inactive,Inactive,Inactive
2025,TOR,Bruce Brown,11,,2024-11-10,28-087,TOR,0,LAL,L (-20),Inactive,Inactive,Inactive,Inactive,Inactive,,,,Inactive,Inactive,Inactive,,,Inactive,Inactive,,,,Inactive,Inactive,Inactive,Inactive
2025,TOR,Bruce Brown,12,,2024-11-12,28-089,TOR,0,MIL,L (-14),Inactive,Inactive,Inactive,Inactive,Inactive,,,,Inactive,Inactive,Inactive,,,Inactive,Inactive,,,,Inactive,Inactive,Inactive,Inactive
2025,TOR,Bruce Brown,13,,2024-11-15,28-092,TOR,1,DET,L (-4),Inactive,Inactive,Inactive,Inactive,Inactive,,,,Inactive,Inactive,Inactive,,,Inactive,Inactive,,,,Inactive,Inactive,Inactive,Inactive
2025,TOR,Bruce Brown,14,,2024-11-16,28-093,TOR,0,BOS,L (-3),Inactive,Inactive,Inactive,Inactive,Inactive,,,,Inactive,Inactive,Inactive,,,Inactive,Inactive,,,,Inactive,Inactive,Inactive,Inactive
2025,TOR,Bruce Brown,15,,2024-11-18,28-095,TOR,1,IND,W (+11),Inactive,Inactive,Inactive,Inactive,Inactive,,,,Inactive,Inactive,Inactive,,,Inactive,Inactive,,,,Inactive,Inactive,Inactive,Inactive
2025,TOR,Kelly Olynyk,1,,2024-10-23,33-187,TOR,1,CLE,L (-30),Inactive,Inactive,Inactive,Inactive,Inactive,,,,Inactive,Inactive,Inactive,,,Inactive,Inactive,,,,Inactive,Inactive,Inactive,Inactive
2025,TOR,Kelly Olynyk,2,,2024-10-25,33-189,TOR,1,PHI,W (+8),Inactive,Inactive,Inactive,Inactive,Inactive,,,,Inactive,Inactive,Inactive,,,Inactive,Inactive,,,,Inactive,Inactive,Inactive,Inactive
2025,TOR,Kelly Olynyk,3,,2024-10-26,33-190,TOR,0,MIN,L (-11),Inactive,Inactive,Inactive,Inactive,Inactive,,,,Inactive,Inactive,Inactive,,,Inactive,Inactive,,,,Inactive,Inactive,Inactive,Inactive
2025,TOR,Kelly Olynyk,4,,2024-10-28,33-192,TOR,1,DEN,L (-2),Inactive,Inactive,Inactive,Inactive,Inactive,,,,Inactive,Inactive,Inactive,,,Inactive,Inactive,,,,Inactive,Inactive,Inactive,Inactive
2025,TOR,Kelly Olynyk,5,,2024-10-30,33-194,TOR,0,CHO,L (-5),Inactive,Inactive,Inactive,Inactive,Inactive,,,,Inactive,Inactive,Inactive,,,Inactive,Inactive,,,,Inactive,Inactive,Inactive,Inactive
2025,TOR,Kelly Olynyk,6,,2024-11-01,33-196,TOR,1,LAL,L (-6),Inactive,Inactive,Inactive,Inactive,Inactive,,,,Inactive,Inactive,Inactive,,,Inactive,Inactive,,,,Inactive,Inactive,Inactive,Inactive
2025,TOR,Kelly Olynyk,7,,2024-11-02,33-197,TOR,1,SAC,W (+3),Inactive,Inactive,Inactive,Inactive,Inactive,,,,Inactive,Inactive,Inactive,,,Inactive,Inactive,,,,Inactive,Inactive,Inactive,Inactive
2025,TOR,Kelly Olynyk,8,,2024-11-04,33-199,TOR,0,DEN,L (-2),Inactive,Inactive,Inactive,Inactive,Inactive,,,,Inactive,Inactive,Inactive,,,Inactive,Inactive,,,,Inactive,Inactive,Inactive,Inactive
2025,TOR,Kelly Olynyk,9,,2024-11-06,33-201,TOR,0,SAC,L (-15),Inactive,Inactive,Inactive,Inactive,Inactive,,,,Inactive,Inactive,Inactive,,,Inactive,Inactive,,,,Inactive,Inactive,Inactive,Inactive
2025,TOR,Kelly Olynyk,10,,2024-11-09,33-204,TOR,0,LAC,L (-2),Inactive,Inactive,Inactive,Inactive,Inactive,,,,Inactive,Inactive,Inactive,,,Inactive,Inactive,,,,Inactive,Inactive,Inactive,Inactive
2025,TOR,Kelly Olynyk,11,,2024-11-10,33-205,TOR,0,LAL,L (-20),Inactive,Inactive,Inactive,Inactive,Inactive,,,,Inactive,Inactive,Inactive,,,Inactive,Inactive,,,,Inactive,Inactive,Inactive,Inactive
2025,TOR,Kelly Olynyk,12,,2024-11-12,33-207,TOR,0,MIL,L (-14),Inactive,Inactive,Inactive,Inactive,Inactive,,,,Inactive,Inactive,Inactive,,,Inactive,Inactive,,,,Inactive,Inactive,Inactive,Inactive
2025,TOR,Kelly Olynyk,13,,2024-11-15,33-210,TOR,1,DET,L (-4),Inactive,Inactive,Inactive,Inactive,Inactive,,,,Inactive,Inactive,Inactive,,,Inactive,Inactive,,,,Inactive,Inactive,Inactive,Inactive
2025,TOR,Kelly Olynyk,14,,2024-11-16,33-211,TOR,0,BOS,L (-3),Inactive,Inactive,Inactive,Inactive,Inactive,,,,Inactive,Inactive,Inactive,,,Inactive,Inactive,,,,Inactive,Inactive,Inactive,Inactive
2025,TOR,Kelly Olynyk,15,,2024-11-18,33-213,TOR,1,IND,W (+11),Inactive,Inactive,Inactive,Inactive,Inactive,,,,Inactive,Inactive,Inactive,,,Inactive,Inactive,,,,Inactive,Inactive,Inactive,Inactive
